PLAYER_NAME,TOTAL_SHOTS,TOTAL_MAKES,TOTAL_POINTS,FG_PCT,TOTAL_EXPECTED_POINTS,TOTAL_PAE,AVG_SHOT_DISTANCE,SHOTS_3PT,MAKES_3PT,PCT_3PT,eFG_PCT,PAE_PER_SHOT
Stephen Curry,1224,535,1355,0.4371,1339.59,15.41,19.31,750,285,0.38,0.5535,0.0126
Jordan Poole,1058,474,1159,0.448,1157.13,1.87,17.27,580,211,0.3638,0.5477,0.0018
Andrew Wiggins,1019,475,1107,0.4661,1077.68,29.32,14.41,399,157,0.3935,0.5432,0.0288
Klay Thompson,573,246,606,0.4293,580.64,25.36,18.43,296,114,0.3851,0.5288,0.0443
Jonathan Kuminga,460,236,522,0.513,534.91,-12.91,10.57,149,50,0.3356,0.5674,-0.0281
Gary Payton II,344,212,467,0.6163,413.01,53.99,9.96,120,43,0.3583,0.6788,0.1569
Otto Porter Jr.,416,193,466,0.4639,450.81,15.19,16.25,216,80,0.3704,0.5601,0.0365
Kevon Looney,364,208,416,0.5714,446.48,-30.48,4.14,1,0,0.0,0.5714,-0.0837
Damion Lee,383,169,401,0.4413,410.77,-9.77,15.93,187,63,0.3369,0.5235,-0.0255
Nemanja Bjelica,342,160,374,0.4678,387.63,-13.63,13.71,149,54,0.3624,0.5468,-0.0399
Draymond Green,257,135,286,0.5253,286.89,-0.89,9.39,54,16,0.2963,0.5564,-0.0035
Juan Toscano-Anderson,235,115,258,0.4894,275.88,-17.88,11.24,87,28,0.3218,0.5489,-0.0761
Moses Moody,183,80,200,0.4372,205.62,-5.62,17.02,110,40,0.3636,0.5464,-0.0307
Andre Iguodala,121,46,109,0.3802,134.31,-25.31,17.58,74,17,0.2297,0.4504,-0.2092
Chris Chiozza,81,24,65,0.2963,88.33,-23.33,18.95,53,17,0.3208,0.4012,-0.288
Quinndary Weatherspoon,21,12,25,0.5714,25.55,-0.55,8.14,5,1,0.2,0.5952,-0.0262
