SHOT_ZONE_BASIC,SHOT_ZONE_AREA,TOTAL_ATTEMPTS,TOTAL_MAKES,ZONE_BASELINE_FG_PCT,AVG_SHOT_VALUE,AVG_EXPECTED_VALUE,TOTAL_POINTS_SCORED,ZONE_PAE
Restricted Area,Center(C),1892,1325,0.7003,2.0,1.4006,2650,0.06
In The Paint (Non-RA),Center(C),1046,467,0.4465,2.0,0.893,934,-0.08
Above the Break 3,Left Side Center(LC),965,341,0.3534,3.0,1.0602,1023,-0.09
Above the Break 3,Right Side Center(RC),949,362,0.3815,3.0,1.1445,1086,-0.13
Above the Break 3,Center(C),554,219,0.3953,3.0,1.1859,657,0.01
Left Corner 3,Left Side(L),408,146,0.3578,3.0,1.0734,438,0.05
Right Corner 3,Right Side(R),319,102,0.3197,3.0,0.9591,306,0.05
Mid-Range,Right Side(R),223,87,0.3901,2.013452914798206,0.7854,176,0.86
Mid-Range,Left Side(L),203,75,0.3695,2.039408866995074,0.7536,153,0.02
Mid-Range,Center(C),164,67,0.4085,2.0,0.817,134,0.01
Mid-Range,Right Side Center(RC),115,44,0.3826,2.0,0.7652,88,0.0
Mid-Range,Left Side Center(LC),114,46,0.4035,2.0,0.807,92,0.0
In The Paint (Non-RA),Right Side(R),56,21,0.375,2.0,0.75,42,0.0
In The Paint (Non-RA),Left Side(L),49,17,0.3469,2.0,0.6938,34,0.0
Backcourt,Back Court(BC),24,1,0.0417,3.0,0.1251,3,-0.0
